,keyword_name
0,티몬
1,당근마켓
2,피부
3,카스
4,삐아
5,신안여행
6,치킨
7,삼성라이온즈
8,비건
9,애플워치7
10,티빙
11,홍삼
12,친환경
13,부여여행
14,코로나19
15,보성여행
16,현대캐스퍼
17,빌트인정수기
18,전기차
19,모다모다프로체인지블랙샴푸
20,계룡산
21,쿠팡플레이
22,이재명
23,롬앤
24,홈트
25,캠핑장
26,팰리세이드
27,아로마티카샴푸
28,삼성
29,벚꽃
30,G70
31,흑염소
32,오늘의집
33,커피
34,ESG
35,아이돌챔프
36,구찌
37,한화이글스
38,NC다이노스
39,랑콤마스카라
40,롯데월드아쿠아리움
41,배달의민족
42,라네즈
43,아크네스
44,칼슘
45,제주
46,유튜브쇼츠
47,샤오미미밴드
48,포르쉐
49,TV
50,하나투어
51,감악산
52,트레킹
53,울릉도여행
54,29CM
55,김집사
56,넷플릭스
57,안성여행
58,펠리세이드
59,인스타그램
60,토니모리앰플
61,최선어학원
62,올리브영마스카라
63,토니모리토너
64,젝시믹스
65,광주여행
66,인스타릴스
67,OTT
68,뮬라웨어
69,평창송어축제
70,어골칼슘
71,해외여행
72,취업
73,버거킹
74,창업
75,ESG경영
76,데이터분석
77,충청남도여행
78,친환경여행
79,경북여행
80,안목해변
81,강아지
82,W컨셉
83,망상해변
84,서핑
85,전주여행
86,경상북도여행
87,위버스
88,윤석렬
89,가평여행
90,샐러드
91,애견동반여행
92,라이브최선
93,브랜디
94,리모델링
95,요기요
96,태안여행
97,SSG닷컴
98,올리브영
99,토니모리아이라이너
100,홍준표
101,연봉
102,코엑스아쿠아리움
103,무주여행
104,입짧은햇님
105,지그재그
106,테슬라모델3
107,반려동물
108,염색약
109,죽도해변
110,단일화
111,아베다샴푸
112,커리어
113,루이비통
114,바닐라코
115,삼척
116,전동킥보드
117,가장맛있는족발
118,강진여행
119,씨엘코코
120,아이유
121,에이티즈
122,제천여행
123,BHC
124,트래킹
125,인제여행
126,그랜저
127,코웨이노블정수기
128,아이돌
129,갤럭시워치4
130,업무강도
131,속초해변
132,울산여행
133,오메가3
134,현대자동차
135,롯데마트
136,롯데렌터카
137,릴스
138,토니모리마스카라
139,마루라이브
140,충청북도여행
141,아이패드
142,테라
143,호캉스
144,안동여행
145,페이스북
146,토니모리틴트
147,탈모샴푸
148,틱톡
149,보령여행
150,한샘
151,루테인
152,부안여행
153,남해여행
154,쏘나타
155,무신사
156,그릭요거트
157,맘스터치
158,샤오미라이트
159,만개의레시피
160,BBQ
161,서울스카이
162,IPTIME
163,토너
164,청년취업사관학교
165,영월여행
166,알로에
167,쿠팡이츠마트
168,미라클모닝
169,미샤마스카라
170,윈터
171,아야진해변
172,경기도여행
173,롯데자이언츠
174,웨이브
175,석류
176,촌캉스
177,소백산
178,두산베어스
179,닭가슴살
180,앰플
181,벤츠
182,골프
183,워라밸
184,글램핑
185,경주
186,제주도
187,족발
188,하동여행
189,진안여행
190,원스토어
191,SSG랜더스
192,메타버스
193,캠핑
194,ETF
195,갤럭시워치
196,샤넬
197,애플워치8
198,LG그램
199,콘치웨어
200,롯데월드부산
201,네스카페
202,제페토
203,갤럭시워치클래식
204,토니모리수분크림
205,맥도날드
206,그란데라인
207,토니모리멀티밤
208,데이터마케팅캠퍼스
209,주식
210,프로폴리스
211,데이터교육
212,참이슬
213,아이폰
214,갤럭시워치액티브2
215,화성여행
216,스타벅스
217,제주도여행
218,랜선투어
219,파주여행
220,대구여행
221,비타500
222,유산균
223,리딩게이트
224,토니모리비건토너
225,마케팅
226,에어비앤비
227,페리페라
228,렌트카
229,KT
230,비플레인
231,후즈팬
232,빵지순례
233,전남여행
234,당일치기
235,충북여행
236,주방인테리어
237,쿤달샴푸
238,최애돌
239,전북여행
240,오아시스
241,새벽배송
242,브라운백커피
243,새싹보리
244,TS샴푸
245,전통주
246,광동포스트바이오틱스
247,콜라겐
248,메이블린마스카라
249,크리니크마스카라
250,토니모리클렌징티슈
251,크리스마스
252,푸르지오
253,코웨이
254,속리산
255,웅진코웨이정수기
256,당진푸르지오클라테르
257,겨울
258,DB손해보험
259,연천여행
260,굽네치킨
261,박보검
262,따상
263,천호엔케어
264,강릉여행
265,야근
266,롯데월드
267,국내여행
268,토니모리
269,전라남도여행
270,힐링
271,LG퓨리케어정수기
272,볼보
273,여수여행
274,명품
275,순천여행
276,롯데워터파크
277,싼타페
278,전라북도여행
279,셀프인테리어
280,집꾸미기
281,비트코인
282,칼퇴
283,인천여행
284,경주여행
285,원주
286,오미노비앙코
287,왓챠
288,크릴오일
289,마대리
290,룰루레몬
291,인공지능
292,아반떼
293,퇴사
294,숏폼
295,증평여행
296,아이오닉5
297,경남여행
298,노트북
299,우리은행
300,리스퀘어
301,호식이두마리치킨
302,카누
303,로레알마스카라
304,프로바이오틱스
305,헤라
306,삼척여행
307,디즈니
308,여행
309,겨울여행
310,윤석열
311,소통
312,계룡여행
313,GV70
314,SSG
315,에스쁘아
316,다이어트
317,커피창고
318,BMW
319,박카스
320,꼰대
321,라보에이치샴푸
322,STL
323,속초
324,정장
325,통영여행
326,밀키트
327,매트리스
328,아이오닉5배터리
329,샤오미워치1
330,제주여행
331,조직문화
332,MZ세대
333,송혜교
334,부산여행
335,등산
336,원소주
337,기아자동차
338,쇼킹카라
339,에버랜드
340,컨디션
341,인테리어
342,혼자여행
343,해먹남녀
344,푸라닭
345,덕유산
346,에이블리
347,갤럭시핏2
348,그린카
349,G80
350,보스웰리아
351,송중기
352,DB
353,약산성샴푸
354,홈플러스
355,크림
356,LIVE최선
357,한국타이어
358,아우디
359,인제
360,주방리모델링
361,복지
362,쿠팡
363,DB그룹
364,밀크시슬
365,NCT
366,애플워치SE
367,MZ
368,룩스웨어
369,임실여행
370,이준석
371,코웨이정수기
372,와인
373,토니모리크림
374,아이오닉5가격
375,정수기
376,한달살기
377,영화
378,홈술
379,폼클렌징
380,KT위즈
381,상쾌환
382,기성세대
383,단양여행
384,서울랜드
385,태백
386,괴산여행
387,어쩔티비
388,반려동물여행
389,카카오뱅크
390,양배추
391,에뛰드마스카라
392,영월
393,포켓몬빵
394,군산여행
395,양양여행
396,우리동네딜리버리
397,이니스프리
398,구례여행
399,고양이
400,평창여행
401,워라벨
402,클리오
403,데이터
404,자기계발
405,녹용
406,회식
407,쿨링샴푸
408,투싼
409,에스파
410,후로후시마스카라
411,페리페라마스카라
412,정관장
413,트위터
414,보은여행
415,비타민
416,토니모리블러셔
417,아이맥
418,아로마티카
419,마스크
420,경상남도여행
421,안다르
422,모두투어
423,로지
424,갤럭시탭
425,이케아
426,뮤빗
427,코로나
428,스타플레이
429,애플
430,연차
431,이직
432,강원도여행
433,애견동반캠핑
434,충남여행
435,이디야
436,락토핏
437,제로웨이스트
438,엘레나
439,제네시스
440,디즈니플러스
441,영덕여행
442,대전여행
443,삼성전자
444,유튜브
445,밀크씨슬
446,깨수깡
447,요마트
448,강릉
449,데이터마케팅코리아
450,문경여행
451,비타민C
452,쏘렌토
453,성장
454,캐스퍼
455,셀렉스
456,이마트
457,NC소프트
458,얼음정수기
459,아이오닉5디자인
460,여의도벚꽃축제
461,양산여행
462,피쉬콜라겐
463,위뜨
464,테슬라
465,케이팝
466,데이터마케팅
467,안철수
468,양양
469,흑미차
470,로지텍
471,마켓컬리
472,기차여행
473,화장품
474,교촌치킨
475,서울여행
476,빅데이터
477,GV80
478,강원도
479,오큘러스
480,심상정
481,이니스프리마스카라
482,워케이션
483,힐링여행
484,영주여행
485,야놀자
486,차박
487,닥터그루트샴푸
488,쏘카
489,서산여행
490,갤럭시
491,중등영어
492,키스미마스카라
493,KODEX
494,하늘보리
495,초등영어
496,갓생
497,오징어게임
498,머스트잇
499,거제여행
